INSERT INTO Users (id, name, email, birthdate, created_at) VALUES
(1, 'Иван Петров', 'ivan.petrov@email.com', '1990-05-12', '2023-08-15 14:23:45'),
(2, 'Мария Иванова', 'maria.ivanova@email.com', '1987-11-30', '2022-12-01 09:15:32'),
(3, 'Алексей Смирнов', 'alex.smirnov@email.com', '1995-06-21', '2024-01-05 16:40:10'),
(4, 'Ольга Сидорова', 'olga.sidorova@email.com', '1992-03-10', '2021-07-20 12:55:22'),
(5, 'Дмитрий Козлов', 'dmitry.kozlov@email.com', '1985-09-25', '2020-03-11 08:05:14'),
(6, 'Сергей Волков', 'sergey.volkov@email.com', '1991-02-18', '2022-05-14 10:22:30'),
(7, 'Анна Кузнецова', 'anna.kuznetsova@email.com', '1989-07-25', '2023-09-11 15:48:12'),
(8, 'Павел Морозов', 'pavel.morozov@email.com', '1993-12-05', '2021-04-30 08:35:56'),
(9, 'Елена Васильева', 'elena.vasileva@email.com', '1997-06-14', '2020-11-23 17:19:44'),
(10, 'Артём Фёдоров', 'artem.fedorov@email.com', '1984-10-03', '2024-02-01 12:05:08'),
(11, 'Виктория Павлова', 'viktoria.pavlova@email.com', '1990-04-09', '2023-07-07 14:58:39'),
(12, 'Михаил Михайлов', 'mikhail.m@email.com', '1995-09-30', '2022-01-19 07:45:27'),
(13, 'Татьяна Никитина', 'tatiana.nikitina@email.com', '1986-12-12', '2021-09-15 18:30:51'),
(14, 'Алексей Орлов', 'alexey.orlov@email.com', '1998-08-22', '2020-06-03 13:14:35'),
(15, 'Юлия Беляева', 'yulia.belyaeva@email.com', '1994-03-17', '2023-10-29 09:50:11'),
(16, 'Григорий Соловьёв', 'grigory.solovyev@email.com', '1982-07-07', '2019-12-12 16:42:08'),
(17, 'Оксана Медведева', 'oksana.medvedeva@email.com', '1991-05-20', '2024-01-27 11:28:54'),
(18, 'Роман Егорцев', 'roman.egortsev@email.com', '1987-01-11', '2022-08-21 20:14:33'),
(19, 'Василиса Андреева', 'vasilisa.andreeva@email.com', '1999-02-05', '2023-05-06 05:36:47'),
(20, 'Константин Захаров', 'konstantin.zakharov@email.com', '1983-11-23', '2020-02-18 22:51:29'),
(21, 'Екатерина Соловьёва', 'ekaterina.solovieva@email.com', '1996-10-15', '2023-03-14 14:09:19'),
(22, 'Вадим Гусев', 'vadim.gusev@email.com', '1985-08-08', '2021-06-24 10:45:05'),
(23, 'Светлана Тимофеева', 'svetlana.timofeeva@email.com', '1992-09-28', '2019-11-02 19:37:58'),
(24, 'Никита Филатов', 'nikita.filatov@email.com', '1988-04-07', '2020-09-15 08:21:44'),
(25, 'Ирина Королёва', 'irina.koroleva@email.com', '1993-01-30', '2023-12-08 06:10:32'),
(26, 'Андрей Рыбалка',	'andrey.rybalka@email.com', '1998-11-09', '2025-02-03 16:57');


INSERT INTO Products (id, name, price, stock) VALUES
(1, 'Смартфон XPhone 12', 79999, 15),
(2, 'Ноутбук UltraBook Pro', 119999, 8),
(3, 'Беспроводные наушники', 14999, 25),
(4, 'Игровая консоль GBox', 49999, 12),
(5, 'Умные часы SmartTime', 19999, 20),
(6, 'Кофемашина AromaPro', 34999, 10),
(7, 'Телевизор 4K UltraHD', 89999, 5),
(8, 'Робот-пылесос CleanBot', 29999, 18),
(9, 'Фотоаппарат ZoomX 300', 54999, 7),
(10, 'Электросамокат Swift', 69999, 9),
(11, 'Яндекс Станция Лайт',4940, 15);

INSERT INTO Orders (user_id, created_at) VALUES
(3, '2024-01-10 10:15:30'), (7, '2023-11-05 12:34:50'), (12, '2022-12-22 14:20:10'), 
(5, '2023-09-19 08:45:25'), (8, '2021-06-15 17:30:40'), (15, '2024-02-01 19:05:55'), 
(21, '2023-07-22 11:10:10'), (9, '2020-08-13 13:20:30'), (2, '2022-05-27 15:45:05'), 
(14, '2023-12-09 18:50:15'), (18, '2024-01-25 09:55:35'), (6, '2023-10-14 16:20:50'), 
(19, '2022-02-28 07:40:20'), (11, '2021-12-30 21:15:10'), (1, '2023-04-07 10:30:25'), 
(4, '2020-09-05 08:50:45'), (23, '2021-06-29 14:40:55'), (25, '2023-08-11 17:55:30'), 
(10, '2023-03-21 19:10:45'), (16, '2022-07-14 09:25:15'), (20, '2024-01-31 22:35:50'), 
(17, '2023-05-06 13:50:10'), (13, '2021-11-28 07:10:30'), (22, '2020-12-09 15:30:55'), 
(24, '2022-08-15 18:45:20'), (3, '2024-02-02 10:05:35'), (7, '2023-06-19 12:20:40'), 
(12, '2022-01-24 14:15:50'), (5, '2023-09-07 08:35:25'), (8, '2021-10-11 17:25:40'), 
(15, '2024-02-03 19:15:55'), (21, '2023-07-25 11:05:10'), (9, '2020-08-19 13:40:30'), 
(2, '2022-06-30 15:50:05'), (14, '2023-12-15 18:55:15'), (18, '2024-01-27 09:45:35'), 
(6, '2023-11-04 16:10:50'), (19, '2022-03-05 07:30:20'), (11, '2021-12-31 21:05:10'), 
(1, '2023-04-08 10:20:25'), (4, '2020-09-10 08:40:45'), (23, '2021-07-01 14:50:55'), 
(25, '2023-08-20 17:35:30'), (10, '2023-03-29 19:20:45'), (16, '2022-07-18 09:40:15'), 
(20, '2024-02-01 22:50:50'), (17, '2023-05-12 13:30:10'), (13, '2021-12-01 07:20:30'), 
(22, '2020-12-14 15:40:55'), (24, '2022-08-22 18:55:20');

INSERT INTO OrderItems (order_id, product_id, amount) VALUES
(1, 4, 1), (1, 2, 1), (2, 6, 2), (2, 8, 1), (3, 3, 1),
(3, 7, 1), (4, 5, 2), (5, 9, 1), (6, 1, 1), (6, 4, 1),
(7, 2, 1), (8, 10, 1), (9, 5, 1), (10, 8, 2), (11, 3, 1),
(12, 6, 1), (13, 9, 1), (14, 7, 1), (15, 2, 1), (16, 3, 1),
(17, 5, 2), (18, 8, 1), (19, 6, 1), (20, 4, 1), (21, 1, 1),
(22, 9, 2), (23, 10, 1), (24, 2, 1), (25, 7, 1), (26, 5, 1),
(27, 6, 2), (28, 8, 1), (29, 3, 1), (30, 1, 1), (31, 10, 1),
(32, 2, 1), (33, 7, 1), (34, 5, 2), (35, 8, 1), (36, 6, 1),
(37, 4, 1), (38, 3, 1), (39, 9, 1), (40, 10, 1), (41, 2, 1),
(42, 6, 2), (43, 8, 1), (44, 3, 1), (45, 5, 1), (46, 1, 1),
(47, 4, 1), (48, 7, 1), (49, 9, 2), (50, 10, 1);
